{
  "nodeLayouts": {
    "inputs": {
      "x": 960,
      "y": 42,
      "index": -1
    },
    "outputs": {
      "x": 1000,
      "y": 741.4999694824219,
      "index": -1
    },
    "coherence_score": {
      "x": 310.83331298828125,
      "y": 186,
      "index": 0
    },
    "coherence_concat_scores": {
      "x": 308.33331298828125,
      "y": 311.66668701171875,
      "index": 1
    },
    "coherence_aggregate_variants_results": {
      "x": 309.16668701171875,
      "y": 464,
      "index": 2
    },
    "fluency_score": {
      "x": 645,
      "y": 176,
      "index": 3
    },
    "fluency_concat_scores": {
      "x": 645,
      "y": 310,
      "index": 4
    },
    "fluency_aggregate_variants_results": {
      "x": 664.1666870117188,
      "y": 465.6666717529297,
      "index": 5
    },
    "groundedness_score": {
      "x": 975,
      "y": 176,
      "index": 6
    },
    "groundedness_concat_scores": {
      "x": 975,
      "y": 310,
      "index": 7
    },
    "groundedness_aggregate_variants_results": {
      "x": 974.166748046875,
      "y": 469.8333282470703,
      "index": 8
    },
    "relevance_score": {
      "x": 1305,
      "y": 176,
      "index": 9
    },
    "relevance_concat_scores": {
      "x": 1305,
      "y": 310,
      "index": 10
    },
    "relevance_aggregate_variants_results": {
      "x": 1316.6666259765625,
      "y": 465.6666564941406,
      "index": 11
    }
  },
  "orientation": "Vertical"
}